id;name;data;data_content_type;url;created_by;created_date;last_modified_by;last_modified_date
1;Cambridgeshire International;../fake-data/blob/hipster.png;image/png;https://marquise.net;Spurs Front-line Idaho;2022-04-03T13:51:28;recontextualize Harbors;2022-04-04T02:57:19
2;auxiliary Legacy;../fake-data/blob/hipster.png;image/png;https://crystel.org;blockchains Steel;2022-04-03T15:35:44;HDD;2022-04-03T21:27:28
3;Clothing;../fake-data/blob/hipster.png;image/png;https://hazel.info;users utilisation Central;2022-04-03T14:19:42;port AI Metrics;2022-04-04T05:29:21
4;Virginia groupware optical;../fake-data/blob/hipster.png;image/png;https://raymond.net;flexibility;2022-04-04T04:39:55;Cotton;2022-04-03T22:20:50
5;Optimization interface;../fake-data/blob/hipster.png;image/png;http://astrid.com;Market Refined Mouse;2022-04-03T16:47:51;invoice Pants;2022-04-03T21:54:52
6;Mouse e-business feed;../fake-data/blob/hipster.png;image/png;https://winston.info;Universal;2022-04-04T02:37:29;matrix Cheese;2022-04-04T06:26:37
7;Jewelery paradigm Cross-group;../fake-data/blob/hipster.png;image/png;https://henri.org;Security Account Grocery;2022-04-04T05:57:41;PNG;2022-04-03T11:06:27
8;Gloves Profound Egypt;../fake-data/blob/hipster.png;image/png;http://geraldine.info;Orchestrator Refined;2022-04-04T00:11:34;niches;2022-04-03T11:58:21
9;Cambodia;../fake-data/blob/hipster.png;image/png;http://haylie.info;payment;2022-04-04T00:52:51;leading-edge scalable;2022-04-04T08:21:54
10;function parse Island;../fake-data/blob/hipster.png;image/png;https://nadia.info;calculate CSS Account;2022-04-03T14:18:02;plum;2022-04-04T08:56:49
