id;name;image_url;pages;status;likes;created_by;created_date;last_modified_by;last_modified_date
1;Table Fish;Dynamic programming;17159;AVAILABLE;34953;Chips compress;2022-03-27T18:01:11;synthesizing intuitive Center;2022-03-27T22:49:49
2;generate;Sudan Mall toolset;41571;TAKEN;84220;Industrial Cotton Paradigm;2022-03-27T14:04:34;secondary Toys;2022-03-27T17:11:18
3;Books quantify;Points violet;64656;AVAILABLE;75642;lime;2022-03-27T15:29:08;cross-platform;2022-03-27T13:17:45
4;XML Developer Fish;withdrawal Australian;73783;AVAILABLE;49455;navigating Ergonomic Territory;2022-03-28T03:14:38;Health Tools CSS;2022-03-27T18:26:03
5;Chicken back-end;monitor SQL Product;92808;TAKEN;59751;Industrial;2022-03-27T17:45:48;Future-proofed;2022-03-28T05:20:38
6;Table Sleek input;payment salmon;5658;TAKEN;40972;Shilling;2022-03-28T08:00:25;Clothing payment Toys;2022-03-27T22:30:41
7;Health Paradigm;payment secondary quantify;75214;TAKEN;2033;blue SMS;2022-03-27T13:36:44;optical HDD;2022-03-28T11:17:43
8;payment optical channels;lavender;74399;AVAILABLE;58638;HDD wireless withdrawal;2022-03-28T03:42:49;neural-net compress Concrete;2022-03-27T19:24:57
9;Car Franc input;invoice;25263;TAKEN;20656;USB;2022-03-27T23:34:07;program payment maroon;2022-03-28T02:26:38
10;Extended;Iceland Shoes;93380;AVAILABLE;20387;Lira Concrete Home;2022-03-28T01:17:36;transform Shirt SQL;2022-03-28T06:45:32
