id;name;last_name;image_url;created_by;created_date;last_modified_by;last_modified_date
1;EXE;Effertz;Macao District Wooden;Customer Intelligent;2022-03-28T04:02:08;Assurance;2022-03-28T06:00:37
2;Division Handcrafted Program;Fritsch;Cambridgeshire context-sensitive;reboot;2022-03-28T09:24:43;Bedfordshire;2022-03-28T05:39:41
3;Awesome Toys;Turcotte;disintermediate open;Human Directives;2022-03-27T21:58:37;solution Steel schemas;2022-03-27T12:55:08
4;port;Hettinger;Bedfordshire Multi-layered;copying compressing cross-platform;2022-03-27T21:05:23;Solomon;2022-03-27T20:34:28
5;port Loan;Senger;whiteboard De-engineered;Canada Table;2022-03-27T18:25:15;Buckinghamshire;2022-03-28T02:39:36
6;schemas Bedfordshire;Okuneva;application needs-based haptic;Bedfordshire;2022-03-27T17:55:57;RAM;2022-03-28T09:49:30
7;invoice Highway;Bartell;Home;Metal Borders;2022-03-28T07:08:47;Ouguiya Tasty;2022-03-28T11:16:08
8;protocol synthesize Clothing;Prohaska;Tasty Future;Tugrik;2022-03-27T16:32:33;Estates Communications;2022-03-28T07:17:07
9;Markets;Nienow;Alabama panel deposit;Pizza Heard;2022-03-28T12:13:32;Usability;2022-03-27T17:34:39
10;Nepal;Bogisich;harness Account synthesizing;Wooden Djibouti;2022-03-27T15:36:16;Won Rubber;2022-03-27T14:37:50
