id;name;created_by;created_date;last_modified_by;last_modified_date
1;Table;open-source;2022-03-28T08:19:59;ivory Refined metrics;2022-03-28T02:46:51
2;Music Internal;Berkshire Planner enterprise;2022-03-28T09:39:22;fuchsia;2022-03-28T08:51:09
3;Chad harness;red Dominica;2022-03-27T14:31:05;Identity;2022-03-28T06:20:51
4;Designer array;Verde;2022-03-27T23:24:52;North Fresh;2022-03-28T00:59:03
5;visionary;compress;2022-03-28T10:35:16;Human Specialist;2022-03-28T10:36:51
6;California;JSON Communications;2022-03-28T03:49:34;Tonga withdrawal networks;2022-03-28T00:15:55
7;Baby Borders;SQL Avon;2022-03-28T10:10:04;Central;2022-03-27T19:19:16
8;driver leading-edge TCP;synergistic blue Chief;2022-03-28T07:59:41;Islands Tasty;2022-03-28T08:54:55
9;uniform Sleek;Franc;2022-03-27T15:33:06;Armenian;2022-03-28T06:21:20
10;Agent circuit;6th;2022-03-28T08:58:19;Markets Pennsylvania Unbranded;2022-03-28T05:12:27
