id;created_by;created_date;last_modified_by;last_modified_date
1;orchestration Computer Islands;2022-03-28T12:42:26;navigating;2022-03-27T15:24:30
2;Account Mall;2022-03-28T04:55:53;content-based optical Soft;2022-03-27T16:57:14
3;Robust;2022-03-27T22:38:16;mobile Corporate;2022-03-27T21:31:15
4;Loan Health Kids;2022-03-28T02:43:50;Account;2022-03-28T05:33:45
5;dynamic Metal Locks;2022-03-27T23:48:46;Quality-focused Human;2022-03-28T07:29:00
6;bypass transmitter;2022-03-27T18:14:32;silver Missouri;2022-03-27T21:36:57
7;connecting;2022-03-28T02:31:40;hard;2022-03-27T12:59:49
8;solution-oriented Fresh;2022-03-28T12:13:57;Bacon;2022-03-28T12:20:46
9;Baby Investment input;2022-03-28T06:45:41;Gloves;2022-03-28T07:37:58
10;South;2022-03-28T07:07:56;Zimbabwe Granite online;2022-03-27T19:27:15
